"year","temp_025","temp_mean","temp_975","pop_025","pop_mean","pop_975","gdp_025","gdp_mean","gdp_975"
2020,0.440012029145669,0.639872270524084,0.869913660888214,331.002647,331.002647,331.002647,-1.8304451064312,1.29951087639848,4.67506493673678
2021,0.460472530581768,0.669179416750015,0.914744470669607,331.737361397924,332.909414136083,333.909908474864,-1.37690293411287,1.63290894194156,5.03174844396497
2022,0.478419993114702,0.699335527612617,0.961754739977539,332.472075795849,334.816181272166,336.817169949729,-1.69454397129779,1.69925033367095,5.41319497362452
2023,0.498058953025007,0.729307413060434,0.99798347750222,333.206790193773,336.722948408249,339.724431424593,-2.08804416231454,1.70232466446867,5.61757789566632
2024,0.517259074793281,0.757462782420719,1.03779689349564,333.941504591698,338.629715544332,342.631692899458,-2.27923358619514,1.68237524557085,5.73925116058916
2025,0.533465646255681,0.781773369505347,1.07578756676039,334.676218989622,340.536482680415,345.538954374322,-2.43690372444835,1.65248631503454,5.7248345859234
2026,0.545981507770752,0.801401988652588,1.10903192148703,335.682903660064,342.277183753101,348.442004997558,-1.81204022633081,1.70360063225599,5.43743623370193
2027,0.553157465412946,0.817269750775867,1.13966717475028,336.248505014128,344.017884825787,351.313597219478,-1.58747338265584,1.72149785772149,5.59152163158791
2028,0.559765177403772,0.831054269695218,1.16634579310201,336.746544971856,345.758585898473,354.210162292656,-1.51905248217465,1.71930428006774,5.5656696425384
2029,0.566041399807179,0.843552709563234,1.19087569633701,337.569588937633,347.499286971159,357.106727365835,-1.87220059486856,1.70446823116996,5.7067492011705
2030,0.572322319327272,0.855838521852808,1.21136699786846,338.347785006967,349.239988043845,360.003292439014,-2.20630206208683,1.68143889821833,5.76098368866742
2031,0.579873636519119,0.869352690585411,1.23282316862813,338.499860435793,350.764843538607,362.880071528172,-1.98722762252408,1.68244979546306,5.74344615036476
2032,0.590736423068818,0.884651703352408,1.25696420648239,339.239781142431,352.28969903337,365.884235415448,-1.62841712117373,1.67276453589768,5.79654253094823
2033,0.603394296115705,0.902859265009742,1.2852832398545,339.080420938742,353.814554528132,369.33017625787,-1.59854315484177,1.65570494683576,5.69182214517569
2034,0.619486630689276,0.925090016768439,1.31897014375161,338.956417384338,355.339410022894,372.083353507765,-1.53006888132659,1.63349877039062,5.40029597984017
2035,0.636790611618902,0.949177539276272,1.35367026123527,339.263432655103,356.864265517657,374.6728915398,-1.58243949979674,1.60766791215485,5.36419359054237
2036,0.653426558517035,0.973556508740594,1.38979752250946,338.867579094516,358.085489812805,377.179363981738,-1.45248712798718,1.63607274552457,5.07524366105074
2037,0.668262353148999,0.996787521581448,1.42400490613237,338.951829681939,359.306714107954,379.488890437382,-1.39102279443542,1.65274151841004,4.81595193057676
2038,0.681212921814247,1.01826113658412,1.45706811909976,339.550213289685,360.527938403103,382.076995736614,-1.35242616042561,1.66041791141868,4.88099719141236
2039,0.692901208740135,1.0378293198202,1.48975575686459,339.644533590347,361.749162698252,384.605712949739,-1.16454491716965,1.66111882000177,4.68304868655023
2040,0.70289098650725,1.05473539303973,1.52213364952997,339.738853891008,362.970386993401,386.750128075081,-1.03491733684141,1.65634803820516,4.72199653174189
2041,0.709058478454401,1.06990199349991,1.55113965527965,339.676649954709,363.90677960551,389.106910444833,-1.0132521511203,1.65308905298894,4.70476104068807
2042,0.715139265999092,1.08475561082041,1.57745849883669,339.028341514552,364.84317221762,391.106621965075,-1.08087534291057,1.64528987902017,4.67282877215264
2043,0.720463332604992,1.10050479964722,1.60323706812328,338.551013665508,365.779564829729,393.181151798061,-0.993084211362341,1.63393035871539,4.64085384651082
2044,0.729639712316616,1.11781535625127,1.63238811158448,338.042879028735,366.715957441838,395.800999389023,-0.99366251930055,1.61975699800599,4.60169251934411
2045,0.739012037680277,1.13806596252074,1.6677864312107,337.384700856813,367.652350053947,397.649292635577,-0.957610264228178,1.60334282041542,4.56109369302533
2046,0.750650811618986,1.16102197792809,1.7052794300642,336.942518865072,368.40683302498,399.864215386959,-0.961679024260103,1.61401833984183,4.41910802315647
2047,0.763944342064558,1.18553703628196,1.74372649814768,336.467877970397,369.161315996012,401.768112743314,-0.877252360293166,1.619452816414,4.3157550625143
2048,0.777275317588892,1.20994350997711,1.78537136099168,335.610510227236,369.915798967045,403.787084435336,-0.79965776567717,1.62063267153479,4.23341387890761
2049,0.785606000685574,1.23157533180851,1.82412133005402,334.534211889045,370.670281938077,406.399437164032,-0.790927136249938,1.61832572088256,4.16602617813696
2050,0.789587577618751,1.24915289652347,1.85954699228897,333.733759217338,371.42476490911,408.394084710043,-0.80850630474477,1.61313637939336,4.07397682892014
2051,0.792282147749127,1.26385328378093,1.89265959332412,332.863057751783,372.06681858126,410.821353498123,-0.712780104818407,1.61940926179813,4.03580649528735
2052,0.79180183070633,1.27718038640633,1.92073594721518,331.404083197202,372.70887225341,413.044362654939,-0.663340770065018,1.62139189505198,3.99724981648129
2053,0.792284166481233,1.28977446743186,1.95149439354065,330.709843362826,373.35092592556,415.267371811756,-0.689565340120369,1.61985271492036,4.00343038870993
2054,0.791660524752656,1.30289566107437,1.9803417053572,329.076395843704,373.992979597709,416.148783094629,-0.72880157068348,1.61538937748517,4.00928042386593
2055,0.793748672111361,1.31811819013305,2.00914313540597,327.850201326428,374.635033269859,418.356002460676,-0.818786751884128,1.6084724324261,4.01038435971503
2056,0.798049365619472,1.33602320553635,2.0423919952061,327.001283486432,375.286225536219,419.171339030696,-0.724690110556619,1.61727781394945,4.08111981261243
2057,0.805713390401292,1.35475772234785,2.07877880742385,325.545140335809,375.937417802579,421.802582813493,-0.675136621121184,1.6217839882004,4.10803046325318
2058,0.808145379525297,1.37302365695792,2.11406939742164,324.088997185185,376.588610068939,423.881757104023,-0.628051014628473,1.62271372702701,4.11253468928025
2059,0.814950675049785,1.39106161086652,2.14943038486337,323.159488675429,377.239802335298,426.623937867505,-0.596263983833552,1.62063545940331,4.15511660243756
2060,0.816166095686876,1.40747220160909,2.18689727166123,321.616690613232,377.890994601658,428.99043871611,-0.541928916330841,1.61600178820549,4.19199555197403
2061,0.816558654158983,1.42146260760707,2.21985935341043,321.01238048034,378.529273846757,430.760773604878,-0.533898470413044,1.62379845212355,4.21837665174882
2062,0.814355714837295,1.43387172857197,2.2503381144234,320.291131787991,379.167553091856,433.144992796057,-0.546217151875557,1.62802992608875,4.23555291886226
2063,0.810086035528304,1.44577974936177,2.28157590128724,318.772420790575,379.805832336955,435.529211987236,-0.560033715723104,1.62925576516845,4.22945521490275
2064,0.809171652227023,1.45796359455529,2.31218593112087,316.694054731811,380.444111582053,437.514179551419,-0.558171888965417,1.6279207384884,4.22189624608657
2065,0.807320685779544,1.47096636730041,2.34376562587585,315.251100588586,381.082390827152,438.797830983956,-0.556103444461137,1.62438273062905,4.16774483017062
2066,0.807429005934089,1.48623654509543,2.37975187955032,313.281979279707,381.677805091571,440.917976522613,-0.552017860039592,1.62399582695225,4.17216298921076
2067,0.812379016428248,1.5041452146593,2.411359914931,312.534734732637,382.273219355991,443.659892442911,-0.538208548280218,1.62103121777957,4.17478587722614
2068,0.81930446559098,1.52321718376182,2.45075482570488,311.24845236523,382.86863362041,446.401808363208,-0.50453096543571,1.61587761874252,4.14088172071439
2069,0.824238305411789,1.54144972724823,2.49068297848768,309.482258284012,383.464047884829,449.143724283506,-0.520035686015734,1.60884195048758,4.10239496483121
2070,0.825844057833627,1.5574674891182,2.52800131312435,307.716064202794,384.059462149248,449.947048090786,-0.531411531356507,1.60016845687561,4.08721679807753
2071,0.825292301808853,1.57095927575427,2.56215545887422,305.997750385949,384.532519767031,453.434413521805,-0.515136716928185,1.60428159646003,4.07812474221951
2072,0.82039846160309,1.58288995784473,2.59520667625927,303.741449063863,385.005577384814,456.817697595,-0.493479714599772,1.60577756314161,4.04269245760466
2073,0.81680053941576,1.59438349568242,2.62794104555831,302.492857591718,385.478635002596,460.75177953026,-0.489119528168915,1.60505063151668,4.00833497096043
2074,0.81468732639366,1.60545239675479,2.65910680694522,300.842808935415,385.951692620379,462.437713688479,-0.469945177898872,1.60241317890435,4.07542127176233
2075,0.81119568992899,1.61637999856607,2.68873985397112,299.283381329202,386.424750238162,463.325340460211,-0.447636186536985,1.59811608469341,4.12804868306299
2076,0.808002132264584,1.62753246115126,2.72026508244394,298.03766756347,386.757732609583,464.9591405179,-0.447437509382377,1.59759263516985,4.11638752120536
2077,0.807999794729341,1.63946042785525,2.75272106926655,295.480990524544,387.090714981005,466.59294057559,-0.480816221656391,1.59525822762168,4.10409960594954
2078,0.809390778497877,1.65317427718863,2.7866746073141,292.924313485618,387.423697352426,468.226740633279,-0.445542406308236,1.59136629969084,4.09715771822836
2079,0.810163198108171,1.66888274440735,2.82154425161225,290.83316564637,387.756679723848,470.216075027061,-0.448157353502519,1.58611927387646,4.12846528854638
2080,0.81470755256202,1.68582483723136,2.85813468165475,289.221837651162,388.089662095269,473.364948644061,-0.430577651711743,1.57968043138169,4.05751986505856
2081,0.816174278055508,1.70273788414159,2.89588786393646,287.479301736383,388.322503375839,475.742439976098,-0.414587699538796,1.576703409892,4.05195443744014
2082,0.818293126809675,1.71886736743769,2.93207376474888,285.736765821604,388.555344656409,479.57973534812,-0.39306853321791,1.57215191807928,4.07836783447863
2083,0.820635380143239,1.73349891909186,2.96877802553672,284.734967133932,388.788185936978,481.06374553804,-0.391021064163226,1.56624246696886,4.05583669220665
2084,0.820117426018036,1.74675217749821,3.00396939945326,283.403102392337,389.021027217548,483.469190051446,-0.370194286512252,1.55914576358576,4.03642713332611
2085,0.818365140127422,1.75850681508778,3.03701943266668,281.379270796098,389.253868498117,485.995250403292,-0.401001648701908,1.55099707374872,4.00972190217528
2086,0.815008870782376,1.76889903128755,3.06694059870649,279.312664388172,389.357265723948,488.436207837897,-0.40183324379942,1.5518260086167,4.02164662963083
2087,0.812085892525794,1.77936382741328,3.09965923295424,278.179044122329,389.460662949778,491.536007548906,-0.40277342735956,1.55079573382907,4.01705174644399
2088,0.810851924936451,1.79056822906391,3.12931089098538,277.57032882296,389.564060175608,494.635807259916,-0.403651945544566,1.54816329562876,4.00282125925066
2089,0.812448970638661,1.80328623532204,3.16350865379797,276.961613523592,389.667457401438,497.735606970925,-0.413221654134633,1.54413128365177,3.98794750301857
2090,0.815652617903158,1.81851196533636,3.1993941495837,275.439048467824,389.770854627269,500.835406681935,-0.434374329640787,1.53886113638664,3.97394671441625
2091,0.819282431294273,1.83557829889678,3.23870739994928,273.408974157916,389.842461790506,502.936683876479,-0.410244611209387,1.53844077857926,3.98077700507962
2092,0.823693402858779,1.85382089322951,3.27812305897577,271.378899848007,389.914068953743,503.991469681439,-0.393735221158211,1.53667389847758,3.98368054600496
2093,0.829807804116426,1.87112710652626,3.31576240869479,269.529554670066,389.985676116981,505.858367510009,-0.402253886734515,1.53372643029726,3.98606144674647
2094,0.832113657270537,1.88516551091579,3.35107258529173,267.31875122819,390.057283280218,509.834710300203,-0.422505478000674,1.52973298847802,3.98514340391271
2095,0.831422261935462,1.89642658424696,3.38234112668386,265.288676918282,390.128890443456,512.921763503886,-0.44945559011772,1.52480326285056,4.00405712746634
2096,0.826414324876971,1.90564968308785,3.40934250668229,263.278011144712,390.223598961089,515.340968938131,-0.419444802281339,1.52038766213596,4.01661428939318
2097,0.820955929990291,1.91392698334836,3.43682810768606,261.589126294044,390.318307478721,517.729828603048,-0.424418849512615,1.51487203353164,4.0252391227912
2098,0.817998219651575,1.92217968837343,3.46038768789407,260.547609064838,390.413015996354,519.828048903375,-0.401222414067851,1.50839790320328,4.01265372723332
2099,0.813219251232832,1.93130637208798,3.49106693828828,258.645065445963,390.507724513986,522.598585240867,-0.397663000154421,1.50107714382713,4.00024920332108
2100,0.811520095680666,1.94257510833585,3.52698418469993,256.664000442538,390.602433031619,524.176303667864,-0.403772064117615,1.49299888384707,4.037100641837
2101,0.809682613544484,1.95559618119205,3.56102192657717,255.132745985866,390.697748647063,526.267211480957,-0.429353183473864,1.48358241238964,4.02828065155012
2102,0.809974384935323,1.96858911960301,3.59148603764002,253.616946494299,390.793064262506,528.358119294049,-0.429014183826899,1.47337678806647,4.01459288079244
2103,0.81118787402236,1.98075300727211,3.62283433723679,252.423173795648,390.88837987795,530.449027107142,-0.428394554770785,1.46247915187585,4.00157360085771
2104,0.810675143474909,1.99172922767909,3.65553824283357,250.771249717623,390.983695493394,532.539934920234,-0.4462296371262,1.45096263695166,3.97543391912758
2105,0.805770876752833,2.00070689153274,3.68108039725038,249.704870704917,391.079011108838,534.630842733327,-0.464568019769791,1.43888180650468,3.97152374633577
2106,0.800676764354324,2.00815985183502,3.70748662557546,248.111967039829,391.199351104278,537.438127321848,-0.461083243559996,1.43009533764191,3.95379871436604
2107,0.796727247894153,2.01502476635145,3.73946245803777,247.51325233227,391.319691099718,540.245411910368,-0.457755518856295,1.42056280906239,3.96325539022593
2108,0.793904880701778,2.02202224839279,3.76197585543012,245.573626998862,391.440031095158,544.110867003277,-0.454346592627551,1.41035081772257,3.95763595635771
2109,0.789368139715942,2.02995670670187,3.79171688823187,244.35414073012,391.560371090598,548.468185900525,-0.451087455016259,1.39950922950931,3.97459702148157
2110,0.787304008491125,2.03974615267267,3.82078329753642,243.325735014831,391.680711086038,552.825504797773,-0.447913406068102,1.38807327567112,3.94174478334796
2111,0.789821393548541,2.05289940882894,3.85297924744817,242.344007339153,391.791379320926,556.150605438315,-0.461153340640021,1.38537821607229,3.93717357110391
2112,0.792178401886163,2.0673758378734,3.88714360244799,241.9663057312,391.902047555815,559.475706078857,-0.474273963270708,1.38176957647865,3.91158774662116
2113,0.793213599829931,2.08075712673027,3.91896889585362,241.588604123248,392.012715790703,562.800806719399,-0.458046566372721,1.37734613113223,3.90894271523064
2114,0.789522824553976,2.0918017943039,3.95087849144825,241.210902515295,392.123384025591,565.475604572235,-0.436519147395501,1.37218633634494,3.89332073355716
2115,0.789076130242288,2.10067922310999,3.97864628816685,240.783676699078,392.23405226048,567.95207298993,-0.431312703106533,1.36635239980701,3.85863966960129
2116,0.784736259993513,2.1080287202847,4.00396307873964,240.351509314481,392.32776446982,571.071079035097,-0.45431864604537,1.36481152329929,3.81150372610976
2117,0.77807777626997,2.11406590850121,4.02768929431874,239.626197430791,392.42147667916,574.190085080264,-0.471464309229162,1.36237352925647,3.76524869853191
2118,0.773349778278013,2.11982564648216,4.0510631902845,238.900885547101,392.515188888499,576.819336099394,-0.414958848920477,1.35914373663636,3.72007356001391
2119,0.767842836272391,2.12596036751473,4.07526389011972,238.17557366341,392.608901097839,578.867789950114,-0.418726607264382,1.35520568799876,3.68668248663836
2120,0.763654847609357,2.13382177835812,4.10188395590032,237.45026177972,392.702613307179,580.927924717381,-0.413290724934228,1.3506261136676,3.66555511552912
2121,0.76278095358319,2.14456563255568,4.13370253504199,236.200117643995,392.751376454613,583.986351039346,-0.408447514343225,1.34488917084536,3.71455777747775
2122,0.765463090895395,2.15812132180453,4.16563058711209,233.735623678454,392.800139602046,587.812068349007,-0.419343196231475,1.33844141512952,3.71061150546076
2123,0.765881310539443,2.17096707107055,4.1912797000784,230.916752915289,392.84890274948,591.637785658667,-0.436306687718859,1.33133206444488,3.70550835034807
2124,0.763190989263116,2.18195955225381,4.22672672001779,228.592912121144,392.897665896914,595.463502968327,-0.419547572256057,1.32359561805235,3.69389480821917
2125,0.757504665035794,2.19099127989644,4.2616292609614,226.229721788038,392.946429044347,599.036961835682,-0.397298223123044,1.3152530497,3.68083116913946
2126,0.748857536861347,2.19713491249059,4.2826151529011,223.682205178709,392.942672628351,602.387220667719,-0.425484123470744,1.31009128958678,3.69783280284326
2127,0.74190512775106,2.20191851803868,4.30787146537284,221.13468856938,392.938916212356,605.621730403932,-0.434175296785115,1.30421293437952,3.68490990444445
2128,0.732726435686794,2.20636689727891,4.33096628489796,218.58717196005,392.93515979636,608.856240140144,-0.440368823533458,1.2976928375646,3.71360733172203
2129,0.724054881106993,2.21133197911363,4.35394408237098,216.182055839991,392.931403380364,610.562570894164,-0.438043437165706,1.29058770388506,3.71983230657355
2130,0.719500140918056,2.21825870936741,4.37593092252401,215.642382707832,392.927646964369,612.120786607748,-0.451158909506217,1.28293998514396,3.72801012726463
2131,0.718061633036038,2.22930095443892,4.4089925344511,215.031437540757,392.915859034335,616.102615956187,-0.455771882288595,1.27796964665891,3.69950091798126
2132,0.718013049546295,2.24257678336442,4.44120504841395,214.409807011353,392.904071104301,620.084445304625,-0.502080210255429,1.27226625074395,3.66047813861304
2133,0.716363574173866,2.25539578784674,4.47665601639091,212.105910032982,392.892283174267,622.173086645642,-0.507430297054652,1.26588614111048,3.66168398144317
2134,0.71520185752168,2.26646278778529,4.51260587857312,209.802013054612,392.880495244233,621.82635880645,-0.509333811230499,1.25887166897168,3.65975769642776
2135,0.707344393425348,2.27437511345146,4.54020519502445,207.498116076241,392.868707314199,625.912367083895,-0.513631322799534,1.25125329437633,3.6499188417419
2136,0.699974026678583,2.27919708448056,4.55952015451525,205.673649010637,392.850612624715,630.573215987668,-0.491696831181309,1.24760503357525,3.61342659405089
2137,0.689651671605111,2.28262366070194,4.57884102340145,203.849181945033,392.832517935231,635.234064891442,-0.472723766899194,1.24321759410648,3.57330183840778
2138,0.681456262446664,2.28606459142796,4.60234215606286,202.024714879428,392.814423245747,638.734621573411,-0.490995931200177,1.23816389611917,3.6214257655493
2139,0.674168173058918,2.28975824881393,4.61768726332945,200.200247813824,392.796328556262,641.203026377692,-0.479285806449217,1.23249901725728,3.65981680863133
2140,0.666882811717599,2.29429045193261,4.63924930703752,198.55348123616,392.778233866778,643.671431181973,-0.473973686425121,1.22626405713053,3.65270470348389
2141,0.662023080774173,2.30079379434784,4.66599738202736,197.442637484827,392.805888053429,644.921995878997,-0.459025612129262,1.22333460478419,3.66682687428769
2142,0.659682062719197,2.30964497921379,4.69994974314486,196.105249761435,392.83354224008,646.172560576021,-0.477834709048948,1.2197831379398,3.63908933163341
2143,0.657603240454067,2.31921058756128,4.72909584497464,195.113968789511,392.861196426732,647.423125273044,-0.497223855232289,1.21566601142423,3.61181036624682
2144,0.65507495118995,2.328468635199,4.75699510953797,194.289938301258,392.888850613383,650.771402302438,-0.514849382777733,1.21102699787181,3.62207849152473
2145,0.649355685517655,2.33712246605818,4.78390262979881,193.224052567532,392.916504800034,654.685739981288,-0.508940914910338,1.20589969171546,3.60733599603941
2146,0.643237303566769,2.34405709387591,4.8087090824657,191.990471495836,392.922708062888,659.869256045505,-0.483451152635721,1.20153811400191,3.60451553030439
2147,0.637217442943211,2.34985954354655,4.8350599080132,190.756890424141,392.928911325742,665.052772109723,-0.482363564416988,1.19657691886073,3.58715119261078
2148,0.629401596300667,2.35505178177857,4.85338278376285,189.749857016867,392.935114588597,670.236288173941,-0.456904148493506,1.19106598144822,3.59453432088561
2149,0.619708799740705,2.3595614454682,4.87645080294463,188.872911721831,392.941317851451,674.723142639314,-0.432144993946817,1.18504261207868,3.55115476988244
2150,0.614635049564648,2.36403485355003,4.89632963435431,187.279776528002,392.947521114305,678.972642006541,-0.431361205028127,1.1785337098486,3.50779658513408
2151,0.607780136150385,2.36884870790535,4.92092057501005,185.1454824952,392.909093336601,682.634650595303,-0.432093381051305,1.17504428580675,3.49808300956488
2152,0.603086983750584,2.37508552734889,4.94554833925715,183.357968766433,392.870665558896,686.296659184064,-0.421004233426289,1.17100064431119,3.488430111934
2153,0.599246443199543,2.38422989583768,4.97041465509074,182.109628201691,392.832237781192,689.958667772826,-0.390594620991496,1.16644612998499,3.47844313842545
2154,0.599622929824279,2.39593592182493,4.99900573626741,180.861287636948,392.793810003488,693.620676361587,-0.353587946588095,1.16141336797718,3.48373142215253
2155,0.600141838322198,2.40757699658449,5.03256047590204,179.612947072205,392.755382225783,696.814380340332,-0.340739295439118,1.15592600750539,3.47789444808912
2156,0.597777501833535,2.41754640643472,5.05897414675989,178.357110250174,392.707429334766,700.679056145048,-0.316440656563904,1.15145822164809,3.47338647919392
2157,0.594949558042125,2.42542349229179,5.08494574051534,177.101273428143,392.659476443748,704.513665943621,-0.306012325688004,1.14647449806183,3.47892032273107
2158,0.588411743741738,2.43072931160145,5.1058142458801,176.352215788418,392.611523552731,707.634866563293,-0.322611492778443,1.14101018333266,3.47031788803899
2159,0.579116559087999,2.43396454755098,5.12709950283232,175.596980249283,392.563570661713,710.756067182966,-0.340814953106024,1.13509065080038,3.47780875401215
2160,0.56918381457767,2.43635414793689,5.14357175896401,174.372791074327,392.515617770696,713.877267802639,-0.360018992100071,1.12873266102298,3.47591372866354
2161,0.55991750047376,2.43921166058702,5.16148297512896,173.394870623194,392.427208710605,716.172335159463,-0.368050147848604,1.12493083840744,3.48856821504525
2162,0.551772318499923,2.44394500603406,5.18321459867899,172.452009380744,392.338799650514,718.467402516287,-0.356028710816251,1.12059591690738,3.49914722789651
2163,0.548580365468629,2.45194604048143,5.20897444814859,171.496257202902,392.250390590424,720.762469873112,-0.355542756157092,1.11576633569608,3.50273989808145
2164,0.54728403038154,2.46325312272998,5.23254700563369,170.010096274099,392.161981530333,723.057537229936,-0.370602504977667,1.11046858371529,3.50440456085694
2165,0.545075616775196,2.47438355600241,5.26261455093676,168.523935345296,392.073572470242,725.35260458676,-0.378199963804095,1.1047190130627,3.50327977139413
2166,0.543362926088665,2.48396820026051,5.2836991733622,167.991265353406,391.967093595815,728.878629518642,-0.363945860662611,1.10189334505208,3.49967495607428
2167,0.538374187479587,2.49104004575711,5.30622080958298,166.512461261845,391.860614721387,732.404654450525,-0.319048537925767,1.09856944189392,3.48450411687412
2168,0.528110941348161,2.49477910608249,5.33121297665972,165.033657170285,391.754135846959,735.930679382407,-0.310400728042385,1.09478856668779,3.49166654401777
2169,0.519067298096587,2.49689813449137,5.34905061342944,163.554853078724,391.647656972532,739.45670431429,-0.3234841222458,1.09058191398747,3.48562881939505
2170,0.508476581154,2.49855563168597,5.3701796055339,162.122580316026,391.541178098104,742.982729246172,-0.336722665331888,1.08597252180694,3.49272198860926
2171,0.4988944259602,2.50062942222069,5.39075549290123,161.196310516552,391.388260627458,746.678406101584,-0.337408720308515,1.08243512947712,3.4862235943371
2172,0.488693774217712,2.5040840787665,5.41181610217953,160.270040717077,391.235343156811,751.796269675288,-0.338173329700951,1.07841058885771,3.48994668445263
2173,0.484638037045074,2.51038760707155,5.43569514927572,159.343770917603,391.082425686164,757.398951389493,-0.338921721038315,1.07393313676731,3.48613493549887
2174,0.48243100900039,2.51915144958694,5.4620267598151,158.417501118128,390.929508215518,763.001633103698,-0.339654231728681,1.06902728685119,3.46737574906918
2175,0.480427690984527,2.52898159319094,5.48941294203111,157.491231318654,390.776590744871,766.020268316863,-0.323196767386581,1.06370926642735,3.47732508169973
2176,0.478168490281996,2.53864456892073,5.5166178178314,156.760334770347,390.584839462311,766.602353521346,-0.338839238291089,1.06147859279555,3.46867774121867
2177,0.474101687321283,2.54644924314035,5.54140873091428,155.187505655917,390.393088179752,767.18443872583,-0.35091201732291,1.05873746349038,3.46149534827013
2178,0.468505188694763,2.55160695046919,5.56137151791585,153.555144225327,390.201336897192,767.766523930313,-0.345733951766741,1.05552239892797,3.45077307304624
2179,0.460531081076278,2.55494377813589,5.58112458278933,151.922782794736,390.009585614632,769.673811928325,-0.32970438422414,1.05185991888986,3.45740338296471
2180,0.451615181443505,2.55729342889649,5.60364365120406,150.290421364146,389.817834332073,772.05445960132,-0.325501198004449,1.04776796381955,3.43213865666373
2181,0.443528136654954,2.55915989660833,5.61854516472344,148.620091028224,389.648602547378,776.723750030332,-0.310842705705583,1.04398806365186,3.46990911316378
2182,0.43506093910863,2.56102644846556,5.63313708205404,146.949760692302,389.479370762683,780.407876091413,-0.311647971279627,1.03977276139889,3.48601241258302
2183,0.428236972072564,2.56321005938029,5.65491746292366,145.279430356381,389.310138977988,781.62373845066,-0.32138761062363,1.03515162313006,3.49734133751121
2184,0.421771840237935,2.56626547592062,5.67404515723352,143.609100020459,389.140907193293,782.839600809907,-0.325584485166143,1.0301455868411,3.50004382235736
2185,0.41672356800969,2.57090469773836,5.69138796607146,141.93581804151,388.971675408598,788.429450252857,-0.321043113750968,1.02476831368891,3.51054028291659
2186,0.41267245692711,2.57831770666722,5.71159219892691,140.230003134066,388.757043139999,795.663698294941,-0.315864566891508,1.0233878257929,3.50119949444441
2187,0.410376519152876,2.58721339861413,5.73523228972462,138.521236583595,388.5424108714,802.897946337024,-0.31069314726269,1.02148618119416,3.50097037740536
2188,0.406491152985623,2.59605144322175,5.76008364102508,136.812470033123,388.327778602801,809.104132238984,-0.315880685301506,1.01909904380329,3.49009489401811
2189,0.402589526355464,2.60492285973325,5.78676719406445,135.103703482652,388.113146334202,811.185699630811,-0.33011304059578,1.01625101411178,3.47106246164612
2190,0.400414119269852,2.61202102835072,5.81121082921777,133.394936932181,387.898514065603,811.429046856078,-0.321534875285123,1.0129566052714,3.46862707887899
2191,0.393288640702671,2.61644507071695,5.83161821140151,131.615948450753,387.66679622253,816.91958939571,-0.303094397011157,1.0108259356881,3.48390182843302
2192,0.387819671104717,2.61939845477288,5.85456148889427,129.836959969325,387.435078379457,823.40310386606,-0.286557338899813,1.00821572149467,3.45801628952837
2193,0.38225730383867,2.62207122295029,5.86735160964516,128.057971487896,387.203360536384,829.88661833641,-0.295473540795397,1.00515766277631,3.45617682130562
2194,0.374565760828616,2.62509259785533,5.88507079890589,126.278983006468,386.971642693311,831.913325763499,-0.315050286512051,1.00167313192811,3.46287328656494
2195,0.367822072222195,2.62906932375254,5.90547476673825,124.49999452504,386.739924850238,828.043151483623,-0.310554428112371,0.997775028821503,3.47069433523393
2196,0.363872338072446,2.63547834512535,5.9242906427064,122.610723126205,386.536107834124,827.37994909678,-0.301076242415522,0.997086856456761,3.49519893128985
2197,0.362812030229796,2.64486756506804,5.94759453808409,122.028331009348,386.332290818011,827.652942465362,-0.293974953667522,0.995964235378789,3.47075584113765
2198,0.363404940574258,2.65580229863355,5.97286141557424,121.522556395209,386.128473801897,839.507005433681,-0.306002399226407,0.994436978655234,3.45240706904383
2199,0.362938363125207,2.66580067477699,5.99741310932787,121.016781781071,385.924656785783,851.361068401999,-0.322911174131906,0.992527874750261,3.4509646362242
2200,0.358468887599299,2.67343115476941,6.0197252978529,120.511007166932,385.720839769669,858.222894771668,-0.308052577777501,0.990253751143104,3.4210426898804
2201,0.35300124583975,2.67832309583352,6.03893627317846,120.015970080562,385.515432031315,862.598932692675,-0.290521578953671,0.989988871969207,3.42174491287229
2202,0.345310555239895,2.68145565664746,6.05860785495628,118.527048920779,385.310024292962,866.974970613682,-0.290439496278924,0.989265157908978,3.42188818700071
2203,0.335350146504258,2.68414240413256,6.07901434576084,116.91754526862,385.104616554608,871.35100853469,-0.325343807324364,0.988115065105533,3.43583568878895
2204,0.327573828796727,2.68627100346427,6.09467549786901,115.308041616461,384.899208816254,875.727046455697,-0.313572348483434,0.986562905550192,3.44043397945657
2205,0.320647215543209,2.68817741988773,6.11437878099373,113.799860052246,384.6938010779,883.081296244436,-0.315217696645877,0.984626155726961,3.43690937469575
2206,0.31387718926043,2.69029246856145,6.13414577132262,113.074301650127,384.470409438307,890.421157656278,-0.327290374889536,0.985026347668204,3.43689272181389
2207,0.306444355672638,2.69318349985625,6.154453276911,112.348743248008,384.247017798713,890.886367107853,-0.327110450021752,0.984947535914857,3.45818569336663
2208,0.301048911321111,2.69795516412107,6.17659738096613,111.623184845888,384.02362615912,895.800001166961,-0.339902032894326,0.984427021659353,3.47653106809492
2209,0.297698190978744,2.7048687191043,6.19668083793828,110.897626443769,383.800234519526,901.032306763714,-0.34028236882839,0.983493078485767,3.47818462434803
2210,0.294589459068703,2.71320824776315,6.22248568099881,110.17206804165,383.576842879933,906.264612360466,-0.338440517610466,0.982166467064876,3.46987115383979
2211,0.292221642030993,2.72150634854755,6.25095642506927,109.21539259779,383.378644562955,911.133534308073,-0.298208414163371,0.981547973224559,3.45810658554307
2212,0.289118552531309,2.72888727861799,6.26730951918554,108.25871715393,383.180446245977,914.901261801219,-0.261897978414135,0.980478119063019,3.45259107562387
2213,0.284645896686684,2.73472126016221,6.29095198277488,107.302041710071,382.982247928999,918.446281561941,-0.230165914214153,0.9789949774588,3.45027025840898
2214,0.278818861799895,2.73909537406058,6.30681219046388,106.345366266211,382.784049612021,921.991301322663,-0.216908341174628,0.977126672662956,3.46046424545287
2215,0.272512007637702,2.74190836137895,6.32436121502918,105.388690822351,382.585851295043,925.536321083385,-0.213195508729202,0.974893428951149,3.46882880272122
2216,0.263030474186166,2.74336339699721,6.34107528619889,104.455987789503,382.364199763163,928.607191409431,-0.207981629840742,0.975245494643998,3.48128353248125
2217,0.256564076017574,2.74496850232684,6.35373918148333,103.523284756656,382.142548231283,931.503646888344,-0.209499644359072,0.97509312441145,3.49171002061899
2218,0.247858053193457,2.74747797943991,6.36901732972051,102.590581723808,381.920896699403,934.400102367257,-0.236858072445681,0.974476704100892,3.5003294594912
2219,0.240507862920865,2.75170055674984,6.38733015296388,101.657878690961,381.699245167522,937.29655784617,-0.24317975204785,0.973426334763722,3.50691678071908
2220,0.237047647118514,2.7585380841793,6.40854698931354,100.550942642276,381.477593635642,940.193013325083,-0.261403282429569,0.971964025445968,3.51291492430325
2221,0.2370844533098,2.7674398403495,6.43592256457733,99.4428914569095,381.242542952762,942.727079625627,-0.257217355164606,0.972044395108407,3.50315668575264
2222,0.238971170219713,2.77806283310204,6.46129064158458,98.3348402715429,381.007492269881,943.182653878133,-0.255833356361872,0.971652097813313,3.49349545927033
2223,0.238503209688165,2.7880484872328,6.48178828994985,97.2267890861764,380.772441587,943.63822813064,-0.256517637728695,0.97082262313005,3.48380343892589
2224,0.236567637121352,2.79484714319085,6.49816237534833,96.1187379008098,380.537390904119,944.093802383146,-0.262214304511231,0.969581552753055,3.47412593477201
2225,0.231246972844204,2.79895800032667,6.51583050836071,95.0106867154433,380.302340221238,944.549376635653,-0.27780758713595,0.967946483653516,3.46446564739416
2226,0.225093941477926,2.80096682012868,6.53219675366546,93.8449356082493,380.091709181121,942.637362111861,-0.283425520151237,0.96936306777121,3.46352739305542
2227,0.215811770310892,2.80215848538557,6.54523113542991,92.6791845010552,379.881078141004,940.725347588069,-0.282593191739917,0.970287753243943,3.44864325612878
2228,0.206164632925865,2.80340550635192,6.56407401730361,91.5134333938612,379.670447100886,938.813333064276,-0.268878981035298,0.970760365851813,3.44241778008686
2229,0.195332769301358,2.80562548021099,6.58412340642451,90.3476822866671,379.459816060769,936.901318540484,-0.262888377727853,0.97081146470463,3.44103443588482
2230,0.190418706307282,2.8104197539117,6.60370848409552,89.1819311794731,379.249185020652,934.989304016692,-0.25706014176034,0.970464189825494,3.45578967516851
2231,0.186746105815934,2.81740316211094,6.62547295165869,88.1273747214183,379.022099822597,936.41992963446,-0.26230318983332,0.969781371521106,3.46468175984089
2232,0.183687417084769,2.82487946610768,6.64794253242494,87.0728182633635,378.795014624543,937.850555252228,-0.267641408995412,0.968730035636784,3.48327922500208
2233,0.181722813141142,2.83240137560814,6.67282348885623,86.0182618053087,378.567929426488,939.281180869995,-0.272545940880293,0.967336306178968,3.47010640708967
2234,0.178376840312672,2.83903781877898,6.69693346627872,84.9637053472539,378.340844228434,942.231747369985,-0.277820187496416,0.965619220048943,3.46292355719745
2235,0.173763772611973,2.84399533933897,6.71947233508859,83.9091488891991,378.113759030379,948.657249194173,-0.283164145524005,0.963592091946253,3.46331076455948
2236,0.165490769345458,2.84704001038507,6.73567283353945,83.0054640356901,377.894095363236,953.639553687738,-0.270359548483398,0.962993999215274,3.45932191566483
2237,0.156049806078591,2.84878376972238,6.74899250422172,82.101779182181,377.674431696093,958.621858181303,-0.273201502257285,0.961964456501569,3.45640604829609
2238,0.147094640049966,2.85045251131114,6.76408441719786,81.1980943286719,377.45476802895,963.604162674867,-0.285575681649918,0.960530404301545,3.45385673230393
2239,0.140078785238445,2.8526358370653,6.78080322553023,80.2944094751629,377.235104361807,968.586467168432,-0.298021732247115,0.958709770933308,3.45196735743711
2240,0.134491832554455,2.85620075007254,6.79869986905256,79.3907246216538,377.015440694664,973.568771661997,-0.310889007503697,0.956512594580502,3.45859138118685
2241,0.130588868588471,2.86238816140964,6.81798371358443,78.5702293383115,376.859775939008,977.199576017537,-0.277725411122501,0.957320251200806,3.47762484326518
2242,0.129468469124538,2.8712790220548,6.83984544428322,77.7497340549693,376.704111183353,980.830380373077,-0.246776857772488,0.957674787988303,3.48136420778018
2243,0.129051872368243,2.88068616494145,6.86063192019687,76.929238771627,376.548446427697,984.461184728617,-0.218309068446718,0.957612222667829,3.47733426628402
2244,0.128442454448051,2.88885984092073,6.88087260003189,76.1087434882847,376.392781672042,988.091989084157,-0.214651217590241,0.957159180560678,3.47026838007357
2245,0.126500213804562,2.8948004462467,6.89906039725907,75.5438916626477,376.237116916386,991.722793439697,-0.213295868367836,0.956334588882463,3.47384862098724
2246,0.120077720020423,2.89818248588899,6.9166112856382,75.0063743963358,376.054313808938,995.487990399376,-0.218579020825742,0.956318508073946,3.48923309433061
2247,0.11236574390545,2.90030074314678,6.93431431620522,74.0761655008589,375.871510701489,999.253187359054,-0.229106969720273,0.955931565690274,3.49924128259862
2248,0.104840355585287,2.90178317937612,6.9511322417124,73.1843095277715,375.68870759404,1003.01838431873,-0.238648042541791,0.955200498992044,3.50828179253228
2249,0.0937094938113047,2.90281204964135,6.96725950574061,72.1659170986523,375.505904486591,1006.78358127841,-0.23949989959461,0.954145528343949,3.51535252661447
2250,0.0853401242315951,2.9038851284388,6.97947777355015,71.1374609916102,375.323101379142,1010.54877823809,-0.240583035289393,0.952781480942536,3.50375651513583
2251,0.0763445823671638,2.90533333553509,6.99019735903955,70.3285551192029,375.159789986422,1014.90166218528,-0.23888662283038,0.952507433314682,3.49963980247975
2252,0.0696582595370544,2.90788222116355,7.00016780308808,69.5515201815668,374.996478593703,1021.102801784,-0.237078925083072,0.951873169386288,3.48619982932786
2253,0.064650765835204,2.91240913046465,7.01534031543036,68.9844820725653,374.833167200983,1028.41312680576,-0.239187449860832,0.950900229960729,3.48209709638059
2254,0.0617232147856153,2.91913554981666,7.03628668600826,68.6604760231441,374.669855808263,1036.33304709764,-0.235446159476846,0.949603518996137,3.48327073659556
2255,0.0595265127175563,2.92654602191637,7.05847466870241,68.3364699737229,374.506544415543,1038.2049934826,-0.231510846399474,0.947992145452443,3.48231115941033
2256,0.0581665969481433,2.93358828779756,7.07985494943305,67.8871307806825,374.37990320478,1038.77429824668,-0.225971067200093,0.948060321618484,3.4887312953333
2257,0.0512391898781523,2.93989771145309,7.09166317179166,67.4377915876421,374.253261994017,1039.26662928301,-0.236125015560346,0.947771341374367,3.50439736880178
2258,0.0452570060777851,2.94450828603418,7.10227745454299,66.8660842744113,374.126620783254,1041.98974059582,-0.243309356904402,0.947150293784536,3.49839794549138
2259,0.0374179412320968,2.9475346235137,7.11712332854175,66.0822494892446,373.999979572491,1044.97541357608,-0.239986670740136,0.946215503159332,3.5013917763468
2260,0.0263817688083819,2.94902541652868,7.13075690919987,65.3475177504412,373.873338361728,1051.81306961408,-0.23005793342176,0.944979723531911,3.50359662055202
2261,0.0158400980896396,2.94944672899751,7.14346910716717,64.5430462795093,373.763287537359,1060.70466559355,-0.221829364905722,0.945323441782146,3.5109358717533
2262,0.00598380422410957,2.95023078785598,7.16030711163697,63.7385748085774,373.65323671299,1069.61061891232,-0.221087211541306,0.945286271919161,3.49671595934438
2263,-0.00381020012247348,2.95202420378617,7.17581641778615,62.9341033376455,373.543185888621,1078.70565212268,-0.220353412573224,0.94489937150868,3.48246560717737
2264,-0.0121251332802947,2.95569786395747,7.19245203399725,62.1296318667136,373.433135064252,1087.80068533303,-0.219627911466776,0.944185925738428,3.47523412815865
2265,-0.0149928420203854,2.96213360889086,7.20902994754186,61.3251603957817,373.323084239883,1096.89571854339,-0.21891065384708,0.94316272444852,3.48734759826315
2266,-0.0166595121505148,2.97067756923458,7.22509128192683,60.6726045247992,373.218496520074,1104.72421787926,-0.205719584429158,0.943287024845758,3.48226204510428
2267,-0.0174046211577667,2.98036844355547,7.24670307087473,60.0855957712291,373.113908800265,1112.55271721514,-0.189562447583128,0.943081736641326,3.4770633292025
2268,-0.018065434586443,2.98836063737751,7.26908608358199,59.7233131015502,373.009321080456,1117.27793654524,-0.174088492353568,0.942565443850354,3.46065890239566
2269,-0.0225935413160555,2.99313047283774,7.28787634797635,59.3610304318714,372.904733360647,1117.77829643881,-0.171912970046501,0.941751488548251,3.43662579741517
2270,-0.0320211405202082,2.99543237263797,7.30388097841415,58.9987477621926,372.800145640838,1118.27865633238,-0.176089348173047,0.940648546797953,3.41666004770276
2271,-0.0428433436088962,2.9961065910235,7.3179899469651,58.8006279093891,372.677239540332,1120.33648349132,-0.188798275874959,0.941177982285941,3.41854031274352
2272,-0.0538830318497346,2.99606443936938,7.33123104832128,58.6025080565856,372.554333439826,1123.18954737652,-0.187432710217266,0.941355382820043,3.40577811236591
2273,-0.0617911229390418,2.99625615993627,7.34472656205519,58.1075995976579,372.43142733932,1128.11527229147,-0.178532549324152,0.941204600326212,3.40038315611215
2274,-0.0687851085539401,2.99821525653873,7.36020786625347,57.36063220443,372.308521238814,1133.04099720642,-0.169776760144382,0.940742303462332,3.39832805970961
2275,-0.0740446475868766,3.00273367384036,7.37654699477864,56.6136648112021,372.185615138308,1137.96672212137,-0.161169980252795,0.939979084359629,3.38983584735405
2276,-0.0768600273715781,3.00916975566035,7.39464921980798,56.030047219915,372.036024506196,1142.10621014207,-0.165962980872962,0.940125789044956,3.39557058734991
2277,-0.0816062277300203,3.01572878877595,7.41301767968302,55.4464296286279,371.886433874084,1146.24569816277,-0.174003851587698,0.93990232944689,3.40117393588595
2278,-0.0871803573599068,3.02131442104356,7.43103738889427,54.8628120373408,371.736843241973,1150.38518618348,-0.182324346253807,0.939327773367223,3.39869761720152
2279,-0.0920945053990573,3.02549705517016,7.44940203677726,54.2791944460537,371.587252609861,1154.52467420418,-0.190936011797233,0.938414236316855,3.391416902557
2280,-0.100917548188706,3.02758750517837,7.46148438323116,53.6955768547666,371.437661977749,1162.66217050192,-0.186431365351457,0.93716744969459,3.38986255540789
2281,-0.109766303593164,3.02820469383099,7.47155567196522,53.0672042065432,371.308220497084,1170.70483452183,-0.186299278714134,0.936438883471055,3.39634979805839
2282,-0.119138996698115,3.02868501063671,7.48298666276246,52.7378873712432,371.17877901642,1178.74749854173,-0.173175857222894,0.935394355981561,3.40174540809971
2283,-0.131068653382706,3.02955198678554,7.49493750864489,52.7333733170134,371.049337535755,1186.79016256164,-0.160483667453607,0.934052087519617,3.4061631335959
2284,-0.13559804068144,3.03159248979564,7.50910183464184,51.7318762779986,370.91989605509,1194.83282658154,-0.148198896541086,0.93242451111491,3.40970094792756
2285,-0.140468804302657,3.03616007671515,7.52977108135897,49.9944660213338,370.790454574425,1197.98723794361,-0.136308321242118,0.930518974620534,3.41244383066919
2286,-0.143130358488365,3.04356214272039,7.55316450659284,48.6848818097014,370.701405779735,1199.513193143,-0.144537583028752,0.931402412695755,3.40560708959197
2287,-0.146841396187507,3.05204010435374,7.57736942898199,48.0659732215925,370.612356985045,1202.72087732333,-0.154745452013556,0.931917691649201,3.3799959359342
2288,-0.15082888246156,3.05970617350024,7.60075353340446,47.4470646334836,370.523308190356,1216.05869425494,-0.160003175724706,0.932090604981679,3.36786445755318
2289,-0.157141088835037,3.06436595163081,7.61669869308199,46.8281560453747,370.434259395666,1229.20698213421,-0.165464409583775,0.931939998554316,3.37488502719311
2290,-0.165638918109565,3.06656484803301,7.62789507375168,46.2678818389738,370.345210600976,1237.57843439066,-0.162545909174917,0.931478956901622,3.38022287382389
2291,-0.175274454802327,3.06766513451048,7.64712091476296,45.8990896105395,370.23445905922,1249.81340175869,-0.17019084245991,0.932574483778577,3.3879101750248
2292,-0.1864576689013,3.06755841115909,7.66325059872764,45.5302973821052,370.123707517464,1261.94524769009,-0.174024800615125,0.933300606583904,3.3769661190056
2293,-0.197512863196006,3.06705382692736,7.67389491286199,45.161505153671,370.012955975707,1269.57953184438,-0.177905941900185,0.93368680762667,3.36254867627415
2294,-0.204493045139223,3.06743664871348,7.68553765998927,44.7927129252367,369.902204433951,1271.80201036763,-0.18183640655952,0.933755196877351,3.3663147080787
2295,-0.210745272882382,3.07034809897061,7.70000181450958,44.4239206968024,369.791452892195,1274.02448889088,-0.18583739649236,0.933521925618171,3.37882587864887
2296,-0.214509545352034,3.07597800595796,7.71611636226007,44.0493805403031,369.711521406095,1275.60474812624,-0.185216051037008,0.934963118745579,3.38686809179254
2297,-0.220428341019573,3.08359314398936,7.73349260566211,43.6748403838038,369.631589919996,1277.1850073616,-0.181020630877706,0.935986512447451,3.39431575785421
2298,-0.224131074841533,3.09141620867578,7.75475293432242,43.3003002273046,369.551658433896,1278.76526659695,-0.183987684661369,0.936620634593485,3.40067766988303
2299,-0.229213083341393,3.09704914843002,7.77281491173976,42.9257600708053,369.471726947797,1280.34552583231,-0.187301395622103,0.936885026133957,3.40606765671195
2300,-0.237358582195788,3.10004563624613,7.78656655260625,42.551219914306,369.391795461697,1283.5881088563,-0.182777639780967,0.9367912836799,3.41058347132621
